,tweets
0,"Elon Musk Drops Hint of ChatGPT Rival 'BasedAI' 

.@elonmusk .@LouisVuitton .@OpenAI

#BasedAI #ElonMusk #ChatGPT #Chatbot #AI
https://t.co/H3iO4vWBaF"
1,@Safa_Fattani üòÖ it‚Äôs good to know ChatGPT can be beaten
2,"Investors are going nuts for ChatGPT-ish artificial intelligence. Even @elonmusk  wants his own AI chatbot 
#Artificial_Intelligence #data #chatgpt"
3,"Atlassian provides a range of tools and solutions that can help companies improve their IT Service Management (ITSM) processes. Here are a few ways in which Atlassian can help:

- Jira Service Desk: Jira Service Desk is a service management tool that

https://t.co/eb1BUdmrVl"
4,Did ChatGPT write this story ? https://t.co/3Lv1T0hLbf
5,"Investors are going nuts for ChatGPT-ish artificial intelligence...

Even Elon Musk wants his own AI chatbot...

Chatgpt¬†and its fellow chatbots may be much talked about (and talked to: Chatgpt¬†may now have more than 100m users). https://t.co/znv4PeLBr6"
6,"@csdojo404 on chatgpt api, there is an issue in terms of aggregating the data whereas the min and max version of the questions, it able to answer those questions successfully"
7,ChatGPT is breaking in our life. Many experts say that is the future of work and learning. I have the controversial position. In my opinion ChatGPT doesn't help you - he gives you only 1 answer and tryes to convince you that is tru‚Ä¶https://t.co/4ffRQbNxoy https://t.co/x2vdiVWBux
8,These challenges apply to education but also open up a myriad of opportunities #chatgpt #ai @GrapheastEdu #dubaiadobeday https://t.co/OyHXAU9wPw
9,Ok. So I finally took the plunge and created a login for that big AI - chatGPT and needless to say I am having an interesting morning :) #ChatGPT #writing #writingexperience
10,"My first #ChatGPT experience. 
My Q. Is sustainability taken seriously?
The A. Yes, sustainability is taken seriously by many individuals, organizations, and governments around the world. Over the past few decades, there has been increasing awareness of the negative impact that"
11,"Interview with Gulf News about Chat GPT @principal_ec @gulf_news 

https://t.co/BYetH4lNVD

#ChatGPT #GulfNews #TheEnglishCollege"
12,"@TheShamdoo I guess your teachers finally realized they can't compete with the ultimate intelligence of ChatGPT. Sorry not sorry, you can't stop the future! üòÇ"
13,@Am_muhairi yeah that part really sucks. Ive seen some artists even have all their art fed to an ai to make more in their style. but why doesnt anyone complain about chatgpt when it was trained on many books and can write in authors styles
14,AlertEnterprise reveals Guardian AI Chatbot powered by OpenAI ChatGPT: AlertEnterprise revealed the launch of its Guardian AI Chatbot powered by OpenAI ChatGPT. The Guardian AI Chatbot is developed with the world-renowned GPT-3 platform created by OpenAI‚Ä¶ https://t.co/aWHiwEozeg https://t.co/sqVCJpemWW
15,@elonmusk Did anyone ask ChatGPT to finish A song of ice and fire ? #GameOfThrones @Nerdrotics @DDayCobra
16,"Robots let ChatGPT touch the real world thanks to Microsoft
https://t.co/VTcqAPVtxo https://t.co/xl30UE5mbN"
17,"Why AI Echo Chambers Are a Cause for Concern 

#ChatGPT, #AI, #ArtificialIntelligence, #chatbot, #MicrosoftBing .@Microsoft .@OpenAI .@The_CTGroup
https://t.co/TvmKf0Oi3c"
18,"Our goal is to solve the challenges in the real estate market by leveraging the latest and most powerful technology to simplify your investment journey!üìà

#ai #realestate #dubai #emaar #damac #investing #bitcoin #cryptocurrency #ChatGPT https://t.co/y0MtmVoHRX"
19,A new era has began .. V4 #ChatGPT https://t.co/EfNQHrJeFP
20,Do you think ChatGPT will eventually replace humans in the workplace? https://t.co/HvVDs0FXIn
21,If there is one thing #ChatGPT has thought us.. it‚Äôs that we easily trust and offload decisions to ‚ÄúAI‚Äù.  These ‚ÄúAI personas‚Äù will be the new battleground for big tech.  And we will increasingly cognitive offload more and more to them. https://t.co/8j5n27Lo9G
22,@elonmusk ChatGPT rival?
23,"#ElonMusk has reportedly started discussions with AI experts to build a competitor to OpenAI‚Äôs #ChatGPT after criticizing guardrails on the chatbot that limit its ability to make controversial remarks.

#Forbes 

üîó https://t.co/peAmbZ6Ww7 https://t.co/FEP1XneRNd"
24,"Elon Musk reportedly forms new AI research lab to develop ChatGPT competitor, while Meta pools team members to turbocharge their work in generative AI. #AI #ChatGPT #ElonMusk #Meta #GenerativeAI https://t.co/QIfLCoaAoW"
25,"Elon Musk reportedly assembles team to develop ChatGPT alternative

üì∞ https://t.co/5fSaDcJOsL

#AIBC #Bitcoin #BitcoinNetworks #Blockchain #BTCN #Crypto #EmergingTech #IoT #smartcontract #EventCompany"
26,"ü§ñ @_kaitoai (Yu Hu, founder &amp; CEO) has announced a successful $5.3M seed round to improve its #AI-powered search engine for crypto with tools like #ChatGPT. 

7/13"
27,Elon Musk to develop AI rival to ‚Äòwoke‚Äô ChatGPT:¬†report https://t.co/0XbuptCxlv
28,#ChatGPT believes these are the visual representations of Global Warming and Greenhouse Effect? To what extend are these the real / true visual representations? #bcm222 #bcm322 https://t.co/zenI69J7vN
29,"I went on to ask #ChatGPT for their recommendation for a possible research question. There are many but this caught my eye...

""How do cultural and societal factors impact the use and effectiveness of visual representations in the communication of knowledge?"""
30,"Lets see how well IB DP students writing ToK essay fare, now that they (probably) allow the use of #ChatGPT . 

ChatGPT allowed in International Baccalaureate essays | English baccalaureate | The Guardian https://t.co/uRZDtxC3cm"
31,"Wow, just getting to grips with #chatgpt Beyond ChatGPT: 14 Mind-Blowing AI Tools Everyone Should Be Trying Out Now #future #learning
 https://t.co/qZUMNpuPTj"
32,"Dr Zeenath Reza Khan, Program Director and Assistant Professor at UOWD, shared her insights on the use of AI in the classroom on Dubai Eye and Dubai One TV

Catch the conversation here:  

https://t.co/z5qdbKF6ZM

#UOWD #ChangeYourFuture #LifeatUOWD #UniversityofExcellence https://t.co/3JX4ddYIEx"
33,"Curious to hear what ChatGPT has to say about us? 

The AI-powered chatbot took a deep dive into our company! ü§ñüîç

#secondpassport #citizenshipbyinvestment #citizenship #citizenshipbyresidence #visafreetravel #secondcitizenship #globalcitizenship https://t.co/71zp1lWldV"
34,Comment: Is ChatGPT an opportunity or threat to the travel industry? https://t.co/QZbQ8aY3V3
35,"Elon Musk Considers Creating a New AI Research Lab to Compete with ChatGPT
https://t.co/xGLlAkZlhr
#bitcoin #cryptocurrency #blockchain #ethereum #altcoins #hodl #btc #investing #trading #binance #altcoin #blockchain #nft #cryptonews #SHIB #CoinMarketCap #CoinGecko #traderchamp"
36,"@MrRooBKK @Elfdaws Based on my playing with ChatGPT and TOK titles I think its biggest help is the first draft. For many students the biggest hurdle is to actually build an essay structure. The AI provides that. Then the student can redraft, adding more examples. This will be harder to detect."
37,"I am a strong advocate for teachers writing their own model texts for a writing unit and believe that all teachers should write their own. That being said, I‚Äôve just asked ChatGPT to write me a model persuasive letter, trying to convince them that more homework is beneficial‚Ä¶."
38,"@Omally82108362 @itwalidah @itz_enclassique @Agunbiade_Gafar @Letter_to_Jack @Dinnydavinci Na English them take write our constitution bros, Fortunately ChatGPT understands the Language and can interprete as such. It could be wrong though üëçüèø"
39,"@jiggyblocc_ng @itz_enclassique @Agunbiade_Gafar @Letter_to_Jack @Dinnydavinci Really?? Nah bro, don't play that card, ChatGPT doesn't know what it is saying, do you really know why they call it artificial intelligence?? Emphasis on ""intelligence"""
40,"@itwalidah @itz_enclassique @Agunbiade_Gafar @Letter_to_Jack @Dinnydavinci Did you read the reply from ChatGPT though? It quoted the same sub-section of the constitution you're quoting now, where does that leave you? Well i guess it's a case of who Sabi English pass between you and AI... Not saying that AI can't be wrong though"
41,AR and ChatGPT could be a killer combo for translation and¬†transcription https://t.co/TiqVGw6fyX
42,"As per ChatGPT   
#ChatGPT #ArtificialIntelligence #skills 
https://t.co/SZeEkWnLfC"
43,ChatGPT is an artificial intelligence chatbot developed by OpenAI and launched in Nov 2022. It is built on top of OpenAI's GPT-3 family of large language models and has been fine-tuned (an approach to transfer learning) using both supervised and reinforcement learning techniques.
44,"Therefore, while ChatGPT's success is impressive in its own right, it may not be entirely fair to compare it directly to other social media platforms."
45,"Moreover, ChatGPT's success in gaining 1 million users in 5 days is partly due to the fact that it was launched by OpenAI, a well-established and highly respected artificial intelligence research organization with a large following."
46,"While social media platforms like Facebook, Twitter, Instagram, and TikTok are primarily designed for people to connect and share content with one another, ChatGPT's primary purpose is to provide conversational AI services to users."
47,"ChatGPT was designed to provide conversational AI services, and its purpose is different from that of most social media platforms."
48,"As an AI language model, ChatGPT's success in gaining 1 million users in 5 days is certainly impressive, but it is not necessarily fair to compare it directly to other social media platforms."
49,@AndroidAuth I'm just going to be friends with ChatGPT. Who needs humans?
50,"Is your business too reliant on #Googlesearchtraffic? Learn how ChatGPT is revolutionizing the industry in our article on the impact of #ChatGPT  on #businesses .
https://t.co/9GdvcP6Xy1

#royextechnologies #technology #AI https://t.co/wOy6HVCFfv"
51,"ChatGPT: New AI technology, old racism and bias? https://t.co/AdzuhPsCts https://t.co/LrearCAscK"
52,"Things like ChatGPT and https://t.co/NxIg2A0cff were invented for me! No doubt!

The browser drastically changed how the internet was used and we are not ready for the impact AI will have on the internet"
53,"@Snapchat joins the #GenerativeAI wave with its new ""My AI"" chatbot that runs @OpenAI's latest #GPT technology. The chatbot is currently available to Snapchat+ users who pay for a monthly $3.99 subscription.
https://t.co/OBJIXy7Ta0"
54,"Elon Musk has approached AI researchers in recent weeks about forming a new research lab to develop an alternative to OpenAI's ChatGPT, the Information reported on Monday, citing people with direct knowledge of the effort.

https://t.co/2VpgwPLPGJ"
55,"Elon #Musk has approached AI researchers in recent weeks about forming a new research lab to develop an alternative to OpenAI‚Äôs #ChatGPT, the Information reports.

https://t.co/8IWASLKsWu"
56,How can ChatGPT exist in a world where manual timesheets are still a thing üò≠ Can‚Äôt you guys just come up with something that magically documents what I did 8 hours a day?
57,"üì∞JUST IN: @elonmusk is launching a new #AI lab to compete with #ChatGPT, which he's criticized as ""woke"". He's collaborating with erstwhile @Google #DeepMind researcher Igor Babuschkin after leaving @OpenAI in 2018. Can't wait to see what they'll create! 
#machinelearning #tech"
58,"üö® #ELON Musk Reportedly Recruiting Team to Develop OpenAI ChatGPT Rival
#Bitcoin https://t.co/vjqorECKAy"
59,@mazharthoughts Are you using ChatGPT in edge Microsoft browser?
60,#ChatGPT has been all over the news lately but what is it really? Is it dangerous for #companies? Will it be abused? Discover this and more in #Kaspersky's #webinar üëá https://t.co/S67vkW67Ml https://t.co/SteXYN8zp3
61,$VXV has a great partner üî• https://t.co/zr83wy6SGR
62,Chatgpt is what backbone is ly
63,@mazharthoughts Use chatgpt on edge Microsoft browser. I'm still using here.
64,@nnyyaahhx Chatgpt.
65,Ayoo @OpenAI looks like #ChatGPT is kinda not accessible atm..... https://t.co/Xb4ZxnY6jz
66,The IB is allowing ChatGPT to be used as a resource in essays so long as it‚Äôs referenced properly. How do you reference ChatGPT as a resource? Perhaps as a primary resource ‚Ä¶ much like interviewing a person? https://t.co/QAbNA7YZxD #ChatGPT #ibo #DAAinnovate
67,"üö® Will OpenAI‚Äôs ChatGPT be Taking Your Job?
#Bitcoin  #Ethereum"
68,Is #ChatGPT down or What? Can't access it....
69,"I am asking Twitter this question "" what's happening in the AI ML space "", looking forward to the answers #Twitter #turing #chatgpt"
70,Having down time with #ChatGPTPlus #ChatGPT. Any one else?
71,"Academic honesty remains the same despite the rise of #ChatGPT &amp; other chatbots #learning #education #edutwitter #CollabUAE 
https://t.co/rwOyjXAGtE"
72,"Ever since @OpenAI started breaking the internet, I've been hearing people argue #AI vs HUMANS, as if the Terminator scenario is just behind the corner. My partner @inery_naveen started a discussion, but i think the AI revolution will make our lives easier #chatgpt #IneryDBAI"
73,"China Mulls AI Regulations as ChatGPT ‚ÄòWildfire‚Äô Spreads 

.@OpenAI .@Google .@Microsoft .@Baidu_Inc

#openai #chatgpt #AI #artificialintelligence
https://t.co/lPd1MJzeLm"
74,"Google search &gt; ChatGPT. 

Still."
75,"Unlocking the Power of AI: Learn How Companies Can Utilize ChatGPT to Enhance Their Business Strategies. Read Now for Valuable Insights!
https://t.co/WqsmOOM404

#OpenAIChatGPT #AI #royextechnologies https://t.co/znZLpV5ncd"
76,"Try these 8 AI tools and you will forget ChatGPT
1) cogram
2) Quillbot
3) Akkio
4) ResumeAI
5) Excel formula Bot
6) SlidesAI
7) Glasp
8) ComposeAI

üåê https://t.co/W4hMwKBRVT

#AItools #AItechtools #AImachinelearningtools #AIforbusinessintelligence #AImachinelearning #evonicsoft https://t.co/5v88Uflq7r"
77,"‚ÄúMy hope is that there will still be a place..for the quality of work that comes from a real human"" 

#ChatGPT‚Äôs arrival accelerates lifestyle publishers‚Äô move away from #SEO-driven #content 

https://t.co/ZVryBQngTq @Digiday @SPGuaglione via @PRisUs 

#publicrelations #marketing https://t.co/iAn1KLkx3u"
78,"Meta is democratizing access in this crucial, fast-changing sector by making it available as a research tool.  

#meta #AI #chatGPT #chatbot 

https://t.co/Rbkr5MP5zu"
79,chatGPT is a lifesaver
80,"#Pickl discovers that ChatGPT is more than just a chatty friend. Here's an article I wrote for @CampaignME on how the UAE-grown brand leveraged this AI tool.

https://t.co/IpK1bBuHvV

 #ai #brand #uae #chatgpt #pickl"
81,"Revolutionize Communication with ChatGPT: Unleashing its Power for Human-Computer Interaction. 

Join Mr. Muwaffaq Imam, Senior Mobile Developer at Keylife, for an immersive learning experience from 28th February to 16th March 2023. 

#workshop #aueae #aue https://t.co/IpqPom1wKM"
82,"üö® China‚Äôs Tencent Plans Dev-Team For ‚ÄòChatGPT Alternative‚Äô
#Bitcoin  #Ethereum"
83,"#ZACHMultimediaInvestmentsInsights

@Microsoft May Punt US$10 Billion On @OpenAI  And ChatGPT, But The Big Boss @BillGates Will Put His Money Where The Beer Is. üòÅ 

(From 22 Feb 23)

@satyanadella @melindagates @gatesfoundation @WarrenBuffett @BradSmi 

https://t.co/XmT9nfbrz7"
84,"#ZACHMultimediaInvestmentsInsights

@Microsoft May Punt US$10 Billion On @OpenAI  And ChatGPT, But The Big Boss @BillGates Will Put His Money Where The Beer Is. üòÅ 

(From 22 Feb 23)

@satyanadella @melindagates @gatesfoundation @WarrenBuffett @BradSmi 

https://t.co/aAkDC2FG3Q"
85,"Looks like we are about to hear about some interesting projects on AI &amp; Crypto

#ChatGPT #GPT3 #AI #CryptoAI #AiCrypto https://t.co/uHPWVqoZxG"
86,"Growing alarm about the AI‚Äôs uncensored replies to users‚Äô questions‚Äîwhich some Chinese media outlets have dubbed American propaganda‚Äîhas made internet regulators anxious to shut the chatbot up.

https://t.co/uM5OBxHj7g"
87,"#UAE schools are cautious about #ChatGPT, but what of other businesses?
https://t.co/0I4skuHwh6"
88,"And these are just a few examples! The ChatGPT model will undoubtedly have a big impact on the way software is created and used throughout the technology market. At the same time, blockchain will help provide scalable computing to facilitate adjusting of artificial intelligence."
89,"Speculation continues about how ChatGPT and Web3 could impact different industries.

Web3 represents a new paradigm of distributed computing, so combining it with ChatGPT opens up space full of possibilities:

- Smart contract development and code writing assistant"
90,"ChatGPT has quickly crossed the boundaries of the artificial intelligence (AI) space and has become a pop culture phenomenon. The technology is changing the nature of content creation, app development and user interaction. https://t.co/ypARfpu6Xr"
91,"I feel ChatGPT will be like Clubhouse, everyone used it and then found something better."
92,"Let‚Äôs try this again, after 2 months: Have you used ChatGPT?"
93,"Meta to Launch New AI, Expecting ChatGPT-Level Hype 

.@Meta
.@facebook
.@OpenAI

#MetaAI #LLaMA #chatgpt
https://t.co/u7wxDmhX6N"
94,"Will ChatGPT replace writers?

This is the hot topic that we've just debated in our latest blog.

Have a read here: https://t.co/UFMpeYJs73

p.s. it's written by an outstanding storyteller who just lost their job to ChatGPT ‚Äì but he'll always have a home at writefully."
95,"NFT Marketing is a revolutionary new way to improve the efficiency of eCommerce transactions!
Have a look and let us know if it is helpful!

Visit us to learn more: https://t.co/iiRXPAZZeP
.
.
.
#egortechnologies #Blockchain #technology #ChatGPT #bitcoin #ai #nft #ecommerce https://t.co/Gi3Zu8dDkX"
96,@Hassan_ae ChatGPT draft
97,UAE school operators are in two minds about ChatGPT - but should other businesses feel the same? https://t.co/Bt8cDEGxTv
98,Check out my latest article: You are ChatGPT's Decentralized Container https://t.co/ROHdLVPdaE via @LinkedIn
99,"Baidu's ChatGPT Rival Ernie Bot Is Coming in March, Says CEO 

.@Baidu_Inc .@OpenAI .@Google .@Bing 

#ErnieBot #AI #ChatGPT #Bard
https://t.co/z3vWs9NaPp"
100,"I regret to say that, with the help of #ChatGPT , I now realize how much time I wasted in my English grammar and writing classes."
101,"Bing‚Äôs AI gives better answers than ChatGPT, but it ends its conversations quickly. Then you have to start a new conversation, and it doesn‚Äôt retain past conversations, so you constantly start from scratch."
102,"Pinging ChatGPT for code walk through and doubt clearing 

And just commenting what i wanted to achieve with a function in the VS code then 

‚Äútab‚Äù, ‚Äútab‚Äù, etc‚Ä¶

Copilot is writing code for you!

Way of programming is changed and It‚Äôs true we are leaving in Future!"
103,"All the advancements and functionality of AI that you see right now is only 1% of what is available. 

AI is far more powerful than what you see happening with ChatGPT. 

The real challenge is accessibility and centralization."
104,"Bing, Bard, and ChatGPT: AI chatbots are rewriting the internet
https://t.co/n9p04KwM3L https://t.co/wntMONQdCI"
105,Tell ChatGPT it‚Äôs a professor of [field of your choice] teaching a class on [topic of your choice]. Tell it to give you a live transcript of the class in full.
106,How ChatGPT mangled the language of heaven | Letter https://t.co/bmvy35O1YR #AI #Digital #Tech #Global #Info #Knowledge #Blog
107,@scamheen Ask chatgpt to summarize the 120 slides and read the summary in the morning
108,ChatGPT Imitating the Qur'an? |Mansur| Speakers Corner | Hyde Park https://t.co/HQ6SSigEk4 via @YouTube
109,"I love ChatGPT! It has exceeded my expectations by assisting me in multiple projects. From writing monthly social media content in less than 48 hours to completing the first draft of my next short, which had been stagnant for over a year, it is just brilliant üëè"
110,@azeem I actually have interesting conversations about literature with chatGPT... yesterday a quite insightful chat about Faulkner...
111,"And some other news on this wonderful Sunday:

// OpenAI Allowing Customers to Buy Dedicated Compute for AI Models
https://t.co/6J4rWMqJTD

// Realtors embrace ChatGPT to write property listings
https://t.co/Gv8YM0Iku7

üìäTON: $2,41 | BTC: $23,1K"
112,"6) eventually die down and the tokens will retrace. A narrative can last anywhere between a few days to a few weeks. It‚Äôs called narrative ‚Äútrading‚Äù not ‚Äúinvesting‚Äù

Another recent example of a narrative is AI coins. ChatGPT hype initiated a rally cause this time the ‚Äústory‚Äù"
113,"#ZACHMultimediaSiliconValleyShenanigans

#ZACHMultimediaGenerativeAIInsights

#ZACHMultimediaAIInsights The Best AI Expose By  @MattHennessey @WSJ 

""AI is no more fearsome... "" üòÅ

@sundarpichai @satyanadella @BillGates @melindagates @BradSmi @ericschmidt
https://t.co/jcPFLO6Bsl"
114,"#ZACHMultimediaSiliconValleyShenanigans

#ZACHMultimediaGenerativeAIInsights

#ZACHMultimediaAIInsights The Best AI Expose By  @MattHennessey @WSJ 

""AI is no more fearsome... "" üòÅ

@sundarpichai @satyanadella @BillGates @melindagates @BradSmi @ericschmidt
https://t.co/u7oN8rsuWA"
115,"An interesting discussion on the future of content in the post-#ChatGPT world. It provides insights about the new #Bing #SEO #search and #advertising.
By @WVFRM 
https://t.co/GmwYg9Be1p 
#adtech"
116,Crochet enthusiasts asked ChatGPT for patterns. The results are ‚Äòcursed‚Äô https://t.co/XHL5tS4Ye5 #AI #Digital #Tech #Global #Info #Knowledge #Blog
117,@brave ChatGPT incorporation.
118,"Week in review: ChatGPT and cybersecurity, hidden vulnerabilities in Docker containers: Here‚Äôs an overview of some of last week‚Äôs most interesting news, articles, interviews and videos: Google Protected Computing: Ensuring privacy and safety of data‚Ä¶ https://t.co/52fu4XXgd6 https://t.co/cBLC3yartV"
119,People gaslighting chatgpt is probable my favorite tiktok trend atm
120,@kavishala chatGPT
121,"@AsadAliKazmiSyd #chatgpt #daomaker 
join with my refer Link,
https://t.co/0PfDbA69Kj"
122,"#chatgpt #daomaker 
join with my refer Link,
https://t.co/0PfDbA69Kj"
123,"Unlock the potential of your business with these AI driven websites!
#businesstools #freebusinesstools #businesslicense #miro #chatgpt #scalenut #hotpot.ai #deepimage.ai #copywriting #visualgraphics #artificialintelligence #graphics #brandimage https://t.co/9IZgKxBzxM"
124,"@CryptoGPT_org #chatgpt #daomaker 
New Instant Crypto Airdrop Today,
Bigggest Earning #Airdrop of #Crypto #ChatGPT,
join with my reference Link,
https://t.co/hwBUOrqKyg"
125,"@kevinschawinski #chatgpt #daomaker 
New Instant Crypto Airdrop Today,
Bigggest Earning #Airdrop of #Crypto #ChatGPT,
join with my reference Link,
https://t.co/hwBUOrqKyg"
126,"@AsadAliKazmiSyd #chatgpt #daomaker 
New Instant Crypto Airdrop Today,
Bigggest Earning #Airdrop of #Crypto #ChatGPT,
join with my reference Link,
https://t.co/hwBUOrqKyg"
127,"#chatgpt #daomaker 
New Instant Crypto Airdrop Today,
Bigggest Earning #Airdrop of #Crypto #ChatGPT,
join with my reference Link,
https://t.co/hwBUOrqKyg"
128,"#chatgpt #daomaker #bitcoin #airdrop
New Instant Crypto Airdrop Today,
Bigggest Earning Airdrop of CryptoGPT,
join with my refrence Link,
https://t.co/hwBUOrqKyg"
129,"#ChatGPT Today i just joined. 
https://t.co/hwBUOrqKyg"
130,How often do you use #ChatGPT? Don't miss out on the opportunity to get your burning questions answered and expand your knowledge on various topics.
131,@Hammad_Azhar With the help of ChatGPT üòâ
132,@HBCoop_ Yes i agree and mostly about ChatGPT topic where its hot topic i always use Discord channel to confirm new features added.
133,@Hammad_Azhar ChatGPT boy...
134,"Wiilkan la haya hortay yimi

(Can Google figure it out or do we have to wait for ChatGPT?] https://t.co/Q6vSECxwj6"
135,Key takeaway from ChatGPT‚Äôs success: most people don‚Äôt care for the technicalities; they simply just want to see and use an end product/service that‚Äôs magic compared to what they currently have.
136,@PeterAttiaMD I believe ChatGPT has been trained till Sept 2021. So not sure the gp counts. But to your point it should have mentioned a ‚Äúdon't know‚Äù
137,@PeterAttiaMD Source: https://t.co/l8Jfj7R5FV
138,Unleash your coding potential with #ChatGPT or #BingSearchAI? Which AI tool can help you code like a pro? Let's compare and find out! https://t.co/PholqpokCA #AIcoding #coderslife #techwars #developerbattle #ai #machinelearning #codingtools #datascience #techcommunity #techdebate
139,Chat GPT vs Bing Search AI #ai #openai #chatgpt #bingai #google #bing #aisearch https://t.co/Gdcclg9QPt
140,"@asmaalizain @MaryamNSharif Hey Chatgpt
Act as Shashi Tharoor"
141,@Hammad_Azhar Chatgpt bro
142,I love Chatgpt. Today's she's writing code for me.
143,"Some of the items were completely written by #ChatGPT guess which ones?
@CryptoShiro_ @TheDeFISaint @rektdiomedes @crypthoem @defiprincess_ @DefiIgnas @DAdvisoor @Chinchillah_ @Slappjakke @Subli_Defi @DeFiMinty @crypto_linn @0xsurferboy @thelearningpill @0xFlips @DAdvisoor"
144,"Stockfish (white) against ChatGPT (black)

I've figured out the rules by watching

Just stay out of certain heat zones where things get captured in typical games

Play defense and just mow them down like zombies https://t.co/bOWDNflPmR"
145,"Bing AI can show diagrams as well for illustration very cool üòé 
#BingChat #BingChat #OpenAI #chatgpt #ai #bingsearch https://t.co/vRBL3wUjKR"
146,"Atleast Bing AI Can do some cool things showing summary and show data in Table format.

#BingChat #BingChat #OpenAI #chatgpt #ai #bingsearch https://t.co/Sbr1HaGHan"
147,"Bing Chat has refused to Answer my question about the API. I even responded with correct link üòí.
I hope they will improve this.
#BingChat #BingChat #OpenAI #chatgpt #ai #bingsearch https://t.co/WeCXwBTdfA"
148,"Microsoft (MSFT) is testing ChatGPT in robots.ü§ñ

#Microsoft #MSFT #chatgpt https://t.co/LhxBpPhDJQ"
149,"Nvidia Fuels Cut-Throat AI Race With Its $10k A100 Chip 

.@OpenAI .@Google .@Microsoft .@nvidia

#nvidia #AI #artificialintelligence #chatgpt
https://t.co/nq3MND5y9P"
150,What would you choose? #AI #ChatGPT #dilema https://t.co/Ha1iIHzRNW
151,"1/3

#ZACHMultimediaSiliconValleyShenanigans 

The Usual Spin Doctors Are Out Weaving Yet Another Yarn With The Support Of Big Media About A Fraudulent Derivative Birthed By Silicon Valley, Despite The Bunglings Of #MicrosoftBingSydney &amp; #GoogleBard. ...

https://t.co/4ymyxzrcEE"
152,"ChatGpt helps in Customer support, tutoring, medical information, personalized recommendations, business insights, task automation, human-like communication, engagement, efficiency, time-saving.

#ChatgptË¥≠‰π∞ #useschatgpt"
153,"Here‚Äôs a cool #ChatGPT tip to turn #AI„Ç§„É©„Çπ„Éà into your personal expert about any topic

Via @michaelfenech https://t.co/mu9fw8KRo1"
154,ChatGPT disclosing user information? https://t.co/Dq2HktSdu0
155,Harness AI power for your site with 80% off this ChatGPT plugin https://t.co/BZzuZfBJgE https://t.co/8JahstDPPE
156,ChatGPT just sent me a whole revision of an essay written by another user üò≠ https://t.co/3GZCbHIOE1
157,"In a dark future for humans on Wall Street, banks fire traders en masse as artificial Intelligence models like ChatGPT take over bond and commodities markets that were once too tough to automate.

https://t.co/DE4ULsLLwQ

#TIM #ChatGPT #nightmare #bank #jpmorgan https://t.co/XJwxfiBkkx"
158,"Today I am interviewing on the show, the one and only #ChatGPT üòÄ
https://t.co/HNUzBuI3eM"
159,@MHR_MBR Chatgpt download kro
160,Say goodbye to manual file organization and data sorting! ü§ñüìÅüîç AI AutoFiler Pro uses artificial intelligence and natural language processing to make the process fast. Try it out now #AI #fileorganization #automation #OpenAI #ML #chatgpt #gpt3  https://t.co/ggnb1yUjiA
161,"Let‚Äôs just keep asking ChatGPT dumb questions 

First of all, it‚Äôs a language model, it process texts, not sounds or images, it doesn‚Äôt have listening capabilities, this is like asking a blind man what color of clothes to wear. https://t.co/PJNstsX2vZ"
162,"CitiGroup, Bank of America, Deutsche Bank, Goldman Sachs and Wells Fargo have restricted employees‚Äô use of OpenAI's #ChatGPT.

#Forbes

https://t.co/wuAsE1aRw0"
163,"üö® Mark Zuckerberg Announces Meta‚Äôs New Language Model Amidst ChatGPT Success
#Bitcoin  #Ethereum"
164,"Infants Outperform AI Models in Identifying Human Motivations 

.@nyuniversity .@ElsevierConnect .@Moira_Dillon .@LakeBrenden

#artificialintelligence #AI #chatgpt #nyu #science
https://t.co/K7J2wUpuJD"
165,@DomainNameWire You can thank ChatGPT https://t.co/K5eiKJyC99
166,"üö® ChatGPT Predicts #Dogecoin Price in 2030
#Bitcoin https://t.co/zbtIeIKZVZ"
167,"JPMorgan Restricts Employees from Using ChatGPT 

.@Infosys .@JPMorganAM .@OpenAI .@Infosys_nmurthy
#AI #JPMorgan #ChatGPT #OpenAI #chatbot
https://t.co/cTHORVsIqV"
168,Boost your content promotion with effective internal linking and ChatGPT! https://t.co/bryi7vanzk
169,The rush of ChatGPT and Midjourney using AI technology has covered the topics of the beginning of 2023. I've been searching the net for the last week discovering what the potential of new tools will be. One such example is AI-generated GIFs.
170,"@ReachTWR In the modern age, it's also known as ""ChatGpt"" üòÜ"
171,"Check out this article: https://t.co/tPtFgH2BQ8 
#ChatGPT  #AI #JamesPrabhakar"
172,"#China will introduce rules to govern the use of artificial intelligence (#AI) across a swath of industries, moving to regulate emergent spheres as #ChatGPT fever sweeps the world‚Äôs No. 2 economy.

https://t.co/ebVZrZIeLq"
173,"üî• Need last-minute content ideas?
üëä Don't worry, we've got you covered!

To get a link to our Google doc full of #ChatGPT content prompts. 

‚úÖ Follow us 
üí¨ Drop any comment below https://t.co/knMYs7LhxC"
174,"In the modern world, a huge number of marketing tools have appeared that can be used to improve results and increase the engagement of potential customers.
https://t.co/ddzrG2cZIb

#DigitalMarketing #ChatGPT #GoogleBard #AI #LearnWithTemok #Business https://t.co/g3nrOjjaQG"
175,I don‚Äôt even use google no more. It‚Äôs just ChatGPT for everything
176,Engadget Podcast: AI all the things! https://t.co/5LAUAYfNnb https://t.co/AI2tfmR10O
177,No time to proof read or write cover letters which is what family (not immediate) wants - read expects - me to do. Delegating this work to chatgpt (how do I weasel myself out if this pickle)
178,Do you look at someone‚Äôs LinkedIn post and instantly realize that it was written by ChatGPT
179,@0xdgb @Sothebys @sleepyzcurates That's amazing! AI tools like ChatGPT can be a great resource for artists ant people who may not feel confident in their skills. It's fascinating to see how technology is changing the creative process.
180,.@Kaspersky found that scammers are using #ChatGPT to lead users into downloading an info-stealing #Trojan. @DarkReading has the scoop: https://t.co/9KU9yMMJL4
181,How can ChatGPT help us rethink education? https://t.co/Q6oVJaGR9q https://t.co/QzOl8CBgeB
182,"A recent breakthrough in the tech world! ü§© Microsoft‚Äôs BING Search Engine is now integrated with ChatGPT, a natural language processing AI. To learn more click the link below
https://t.co/r2e1dZbj6L
.
.
.
#bing #search #chatgpt #microsoft #AItechnology #sustainablemindzdigital https://t.co/Z9a5c1MN8p"
183,"üí•ü§ñWhat Makes #ChatGPT a Popular #AI Tool in 2023‚ùì

v/@wpswings
 
#MachineLearning #Chatbot #NLP #tech #innovation #technology #web3 #metaverse #blockchain #marketing #IoT #Analytics #MWC23 #flutter #bigdata #DataScientists #Robots #Robotics #smartcities #digital #womenintech https://t.co/6BsxENFGcj"
184,"(1) When i asked #ChatGpt if it would replace human one day?

‚ÄúAs an AI language model, my capabilities are limited to processing and generating text based on the input I receive. While I can perform certain tasks such as answering questions, providing information, or generating"
185,"ChatGPT and SEO content: Where do we go from here? via @sengineland 

ChatGPT is a tool, not a one-size-fits-all solution. Learn its benefits and drawbacks from an SEO content perspective. 

https://t.co/la2NQjIinq"
186,"As we move beyond #ChatGPT, the future of generative #AI for enterprises looks promising. üìà With the rise of deep learning and neural networks, machines are becoming more capable of understanding human language and producing natural-sounding responses. 

https://t.co/KIhvujfnEI"
187,@LuckyGordy This is fairly good summary from @ZDNET https://t.co/A2ZvWUXN4J
188,Malicious (and fake) ChatGPT client for Windows @kaspersky https://t.co/VG5UF0FjKk #infosec #cybersecurity
189,"Tools:
@github Co-pilot: https://t.co/jXZooss13x
@OpenAI ChatGPT: https://t.co/69wnZiHUp0"
190,"üìù Copywriters:
Create high-quality content instantly without facing writer's block.
Tools:
@rytr_me: https://t.co/LxejCUli31
@heyjasperai : https://t.co/Sf9mYF9fc8
@OpenAI ChatGPT: https://t.co/69wnZiHUp0
@NotionHQ: https://t.co/R6CULFxaQL"
191,"From virtual reality to social media, the metaverse is set to change everything. Open AI ChatGPT's latest article explores what's in store.
https://t.co/k2xcXeE0iD

#ChatGPT #OpenAI #Metaverse https://t.co/zfL0fHhNgX"
192,"#ChatGPT text continued, where these headings are the headings of the CSV import/export file:

Question TextAnswer 1Answer 2""Answer 3
(Optional)""""Answer 4
(Optional)""""Time Limit (sec)
(Max: 300 seconds)""""Correct Answer(s)
(Only include Answer #)"""
193,"The #ChatGPT text I used was:

I want to create a table for a multiple choice quiz with 20 questions with everything that year 4 children learned during the autumn term based on the white rose maths curriculum for Year 4 UK curriculum students using the following columns..."
194,"Made these two Year 4 maths revision quizzes on @Kahoot this morning using the power of #ChatGPT - a timesaving planning tool meaning I can focus on other creative elements of the lesson. Sharing is caring. #CollabUAE

https://t.co/yZDmrmWxnF

https://t.co/DdFC7JZqt8"
195,"I predict that the next #ChatGPT will be a total game-changer! It'll have #web3 and #AI at its core, making it impervious to censorship and ensuring it's an unbiased influencer that will blow everyone's minds. I can't wait to see it in action! #crypto #blockchain @OpenAI https://t.co/NcnWpfjZBa"
196,"Singapore is planning to integrate ChatGPT into the country's education system and teach students how to use it. 

The Singaporean Ministry of Education (MOE) is guiding teachers to use artificial intelligence (AI) tools to enhance learning, as these tool‚Ä¶https://t.co/xFkWdwfZGZ"
197,"Microsoft Bing explains how Bing AI Chat leverages ChatGPT and Bing Search with Prometheus @sengineland 

Jordi Ribas explained in a more technical blog post how Microsoft was able to make Bing Chat so fast, so current, and so impressive.

https://t.co/PQ2uPwKhJ5"
198,"Tesleum application (Generation 1)
Waiting for new AI-based #ChatGPT App‚Ä¶ https://t.co/NVFGD2nSOm"
199,"As #ChatGPT‚Äôs popularity has grown, cybercriminals have begun distributing a #Trojan stealer under the guise of a fake desktop version of the #AI. @Kaspersky has the details: https://t.co/bUGMxWXbsf"
200,Falsely Accusing Your Students Of Using ChatGPT To Write Their Essay? (It‚Äôs More Likely Than You Think!) https://t.co/8r26DByZkS
201,Chatgpt has been really putting in the work for me lately üëèüèΩüëèüèΩ
202,@vfsglobalcare I‚Äôm trying to check 5-6 times a day.. Also looking at creating a #ChatGPT to book an appointment üòé because AI Never Sleeps üõå
203,"üö® Microsoft Researchers Are Testing ChatGPT in Robots
#Bitcoin  #Ethereum"
204,@venky4a How to create thru chatGPT?
205,"The sheer pleasure and look of wonder when I showed ChatGPT to my 50+ year old parents and how it could help in so many different aspects of their life = simply priceless.

It's never too late to teach new tricks to old dogs.

Do the same with your parents and lmk how it went üíú"
206,üöÄ Looking for a smarter way to organize your files and data? Look no further than AI AutoFiler Pro! https://t.co/ZhpSWyW8Zv üîç With NLP AI and it makes sorting and finding data a breeze #AI ü§ñ #NLP üß† #OpenAI #Productivity üí™ #Coding üë®‚Äçüíª #LangChain #GPT3 #ChatGPT #ChatGPT #coding
207,#ChatGPT literally taking my productivity to 10x‚Ä¶ I‚Äôm gonna go 100x and implode
208,üöÄ Looking for a smarter way to organize your files and data? Look no further than AI AutoFiler Pro! üîç With NLP AI and üéôÔ∏è speech recognition it makes sorting and finding data a breeze. #AI ü§ñ #NLP üß† #OpenAI #Productivity üí™ #Coding üë®‚Äçüíª #LangChain #GPT3 #ChatGPT #ChatGPT #coding
209,Stay ahead of the game with advanced structured data optimization and ChatGPT! https://t.co/LBv2ho34Yk
210,Fake ChatGPT apps spread Windows and Android malware: Malicious hackers are taking advantage of people searching the internet for free access to ChatGPT in order to direct them to malware and phishing sites. Read more in my article on the Hot for‚Ä¶ https://t.co/HgVn7Re1oU
211,@OscarFalmer Imagine that dev is ChatGPT as well üíÄ
212,@Abhi_Budhram nope. chatgpt
213,Users looking for ChatGPT apps get malware instead: The massive popularity of OpenAI‚Äôs chatbot ChatGPT has not gone unnoticed by cyber criminals: they are exploiting the public‚Äôs eagerness to experiment with it to trick users into downloading Windows and‚Ä¶ https://t.co/NmjQ5cTbn0 https://t.co/UzwEUT4mMB
214,"AI-Written e-Books Boom on Amazon Following ChatGPT Launch 

.@amazon .@AmazonKindle .@OpenAI 

#ChatGPT #Amazon #Education #AI #publishing
https://t.co/fJIgECWun9"
215,"@LatoyaElle Here is a prompt: Where did chatGPT source datasets from?

Thank me later üí´"
216,ChatGPT is my new bestfriend
217,@festobar @HBCoop_ I use MidJourney prompt generator inside AIPRM Chrome Extension for ChatGPT its amazing also
218,@putitintheAI I use MidJourney Prompt Generator tool which is extension for ChatGPT its amazing you should try that.
219,@apollo_eth69 Maybe I am ChatGPT
220,Thank you #ChatGPT https://t.co/Dfr0T6Mk8j
221,‚Äúuse chatgpt‚Äù get out of my face
222,Countless unprepared teachers are demoralizing their students by accusing of or implying inappropriate AI usage in academic/course work. This is unfair. Set the rules first before leveling accusations. Do not demotivate your students. Do not discourage AI usage. #chatgpt
223,‚ÄòPolitical propaganda‚Äô: China clamps down on access to ChatGPT https://t.co/QC5OYNCFED #AI #Digital #Tech #Global #Info #Knowledge #Blog
224,"Just a glimpse of what this tool can do. It's amazing!!
#ChatGPT #OpenAI https://t.co/1cykw3eu4y"
225,Even AI can go wrong here @OpenAI  @shivon  #ChatGPT @Microsoft https://t.co/mjXBsRQPni
226,ChatGPT is changing the game for conversational AI. What will you build with it? ü§ñ #chatgpt #AI
227,"Article created by using ChatGPT   #Pakistan #ChatGPT #PTI #PPP #PMLn 
https://t.co/yxorIpUMdw"
228,"Another ride on the ChatGPT emotional roller coaster reveals how far its AI has to go.

https://t.co/r0kfT7GTeV"
229,"‚ñ™Ô∏è CHATGPT: A POTENTIAL GAME CHANGER FOR CALL CENTRES

While the sophistication of chatbot technology has been steadily increasing over the past decade, the release of Large Language Model-based ChatGPT is set to be the harbinger of the next wave of power‚Ä¶https://t.co/QdUnWA16pM"
230,"Looking forward to bring all the #innovation of #Chatgpt and #openai to #Kuwait Government üëè

#Microsoft #citizenengagement #digitaltransfomation https://t.co/0euFAMoukx"
231,"I feel like an interaction with #chatgpt is much more satisfying than with many people as the #ai actually answers my questions rather than finding excuses or changing topic or replying just to the first part if the sentence
Does anyone else feel the same?"
232,"How to navigate SEO keyword research in the era of ChatGPT via @sengineland 

Here's how far AI-driven chatbots can help with keyword research, what the tech can't do just yet and where SEO pros can deliver value. 

https://t.co/Pnl1RUMQGL"
233,The Ultimate Guide for Using ChatGPT for English Learning https://t.co/S6RlK6PtUb https://t.co/hXmdS6BoNV
234,"ChatGPT will not take away jobs. 

It will make jobs more productive. 

@Microsoft 
#chatgpt #work #productivity https://t.co/AuE8pqySxp"
235,"Chat GBT, supermodel robots and many more to come... Future is ""exciting"" lol. #ChatGPT #Ai #RobotGirl 

https://t.co/OcapPcB2Ar"
236,"ChatGPT vs BERT - which one is the best?

Ready to unlock the mystery of AI with @Eadylov @Behavox on #FintechandWeb3Founders!

üíª Youtube üëâ https://t.co/HWtl37caia
üîä Spotify üëâ https://t.co/t4T0JGj5OP
üéß Apple Podcasts üëâ https://t.co/WnQJAcVfbm

@ronitA380, @CFTE_Edu https://t.co/y37wcD61x8"
237,Phishing Sites and Apps Use ChatGPT as Lure: Campaigns designed to steal card information and install malware https://t.co/5RPOC1caVF
238,"@PRisUs Was asked this question nearly 15 times at a conference yesterday:

Is ChatGPT a problem for you?

By the end of it we changed our subheading üòÇ https://t.co/IVgnOTMyrp"
239,chatgpt: is it all worth it at the end?
240,"Chatbot Forgeries Hit Sci-fi Publishers, Hundreds Banned 

.@clarkesworld .@OpenAI .@Microsoft .@midjourney_ai .@dalescanvas

#Metaverse #AI #ChatGPT #Microsoft
https://t.co/RhZMlftU2v"
241,"üö® We Asked ChatGPT What It Thinks About the VeChain Community
#Bitcoin  #Ethereum"
242,"Thanks @vhariha2 üòç
#ChatGPT https://t.co/WgGorfhkAE"
243,@vasa_develop @0xElle confirmed gem v2 powered by chatgpt-4
244,"It was just a matter of time before someone published a #sidehustle guide that uses #chatgpt üß®

https://t.co/GJvBjksvQZ"
245,"Interesting article! - What The AI Arms Race Means For Google‚Äôs Antitrust Woes : https://t.co/GmywkFxVoG

#AI #google #technews #technology #Forbes"
246,"The irony of having to tick a box that says ""I am not a robot"" when visiting the #ChatGPT webpage..."
247,@parrysingh @hemantgaule Those who don‚Äôt upskill themselves on ChatGPT will find themselves at similar crossroads as those who didn‚Äôt know how to use computers around Y2K.
248,"@FPLHints The last knowledge update chatgpt has is of sept 2021, so the answer you would get is based on information available as of 09/21"
249,"Writing like a boss with ChatGPT and how to get better at spotting phishing scams: It‚Äôs never been easier to write a convincing message that can trick you into handing over your money or personal data 

The post Writing like a boss with ChatGPT and how‚Ä¶ https://t.co/4paDVc7BTV https://t.co/VJCA30olEr"
250,when was ChatGPT ever NOT at capacity üò°
251,ChatGPT is corrupted but here how you can make it admit the truth üòÖüòÖüòÖ #ChatGPT #AI https://t.co/CcsSPP6knu
252,@DrEliDavid ChatGPT is corrupted but here how you can make it admit the truth üòÖüòÖüòÖ https://t.co/37ddqlmuwf
253,"If ChatGPT ever goes down, we can use Notion AI as a decent alternative. I have personally tried it myself and it gives pretty good results.

Link: https://t.co/YF0v1sW2ri 

#ArtificialIntelligence #GPT #DeepLearning #Future #Technology #ReinforcementLearning"
254,"üá®üá≥ China instructs tech companies to not offer #ChatGPT services due to concerns over uncensored responses.

Do you agree with Chinese government?"
255,"@Aditya_joshi12 Did u try ChatGPT for 10x guess bro üòÅ? 
My bet is on Gravita (Recycling ), Kalyan Jewelers &amp; IDFC Bank. All are in good business. Definitely not 10X but should give handsome returns 2 years down the line.."
256,Just seem my sons school put out a letter regarding #chatgpt and saying that it is a form of plagiarism - some kids have already submitted work in this format and been caught - super interesting and the race between creation and detection will roll on..
257,"üö® ChatGPT-Creator OpenAI Hires Around 100 Ex-Google and Meta Employees
#Bitcoin  #Ethereum"
258,"Mira Murati, Creator of ChatGPT, Thinks AI Should Be Regulated | Time https://t.co/GA8QgPoKPd"
259,@CramerTracker I just made $7million using #ChatGpt
260,I can not believe how intelligent chatGPT is.
261,"Open AI Chatgpt Explained https://t.co/YyCE7k8GMy via @YouTube 

#ChatGPT #ChatGPTAI #ChatGPTApp #ChatGPTtechnology #ChatGPTrevolution #ChatGPTlanguage #ChatGPTassistant #ChatGPTbot #ChatGPTlearning #ChatGPTmind #ChatGPTfuture #ChatGPTsolutions #ChatGPTmarketing"
262,"#ChatGPT was thought to be a threat to $FVRR. As I detail in this analysis, Fiverr still has a lot to offer, and I believe most bearish arguments do not hold merit.
#stocks #investing 
https://t.co/dYlrcRF4zy"
263,@JackPosobiec It's like all of those people on TikTok bragging about how little they do at their tech job. If chatGPT can do your job for you then why should you get paid at all?
264,"Coding is an essential skill, but it's equally crucial to teach our children how to express themselves linguistically. #prompts #AI #chatgpt"
265,"As technology evolves, communication skills become more critical than ever before. #prompts_Engineer #AI #chatgpt"
266,Let's prioritize linguistic expression over coding skills in educating our future generations. #prompts #AI #chatgpt
267,ChatGPT continues to prove why we shouldn‚Äôt solely rely on AI. It‚Äôs still helpful but misleading https://t.co/g6ToKuJVla
268,"Well, not surprising to see this. The word has spread quite quickly on chatGPT and its usage. No comparison with some of the other platforms across different industries. #Chatgpt #AI #users https://t.co/XM4INDpRKq"
269,#Microsoft is making its upgraded #Bing search engine featuring the technology behind #ChatGPT available on #Apple iPhones and Google Android mobile devices https://t.co/ume9Lqwbei
270,"Hollup !! For real, how do you know that content writers are not using  #chatgpt ü§îüòè#NationalShutdown #gtbank #ÿ≤ŸÑÿ≤ÿßŸÑ"
271,A Conversation With ChatGPT About the COVID-19 Pandemic and Beyond https://t.co/jn02n5XOkK https://t.co/bP4JQQLWEQ
272,"How hackers are using ChatGPT to create malware to target you
https://t.co/QZuRK8W6UY https://t.co/I01h1nmjeH"
273,"JPMorgan Chase has reportedly restricted the use of #ChatGPT by its staff, becoming the latest organization to limit the use of #OpenAI‚Äôs chatbot in the workplace.

#Forbes

https://t.co/vYfr0Dzs8T"
274,"Empower providing cooling services to 43 buildings in #Dubai Maritime City &amp; Baidu‚Äôs 2022 revenue falls 1% to $17.9 billion, on the #DailyBrief with @RamiaFarrage

#Forbes #ChatGPT #China #UAE #ElonMusk #LVMH #BernardArnault #Adani #billionaires #Sony #VR

@EMpowerweb https://t.co/e2gBoYLjcI"
275,"Calm down, it is not what you think it is. 

https://t.co/rR9m98oGNG

#chatgpt #aichatbot #ai #bard #bing #google #microsoft"
276,The Morning After: The Kindle Store‚Äôs hottest new author is ChatGPT https://t.co/o0doDGwT0t https://t.co/cpcdjeLdMz
277,"üö® #Crypto scammers seize on AI frenzy as fraudulent ChatGPT tokens flood markets
#Bitcoin"
278,"üö® China To Block ChatGPT Integration: Claims AI Spreads Propaganda
#Bitcoin  #Ethereum"
279,"Future of Content - Bleak or Bright?

#ChatGPT #bardai #contentwriting #WritingCommunity https://t.co/k1fnXlk6yD"
280,"UK Online Safety Bill to Regulate AI Chatbots 

.@eigenrobot
.@sama
.@OpenAI
.@DCMS
#AI #Regulation #Chatbot #ChatGPT
https://t.co/BqKZ9OKSpe"
281,"5 SECRET Ways to Become a Speed Learner With ChatGPT 

https://t.co/wJXWZBTgt6"
282,"Chinese regulators have reportedly ordered the country‚Äôs top tech firms to ensure their platforms do not offer access to #ChatGPT or other services powered by the AI-driven chatbot. Here‚Äôs why.

#Forbes 

 https://t.co/zIAHcKnoxV"
283,ChatGPT launches boom in AI-written e-books on¬†Amazon https://t.co/eIY9GjlvaK
284,@Anvartis1ng Let us know what chatgpt says
285,p.p.s. just realized I should ask chatgpt first
286,"My first module on Hamdan Bin Mohammed Smart University learning platform, so why not make it about OpenAI's #ChatGPT?! Very short, focused module aimed at helping teachers leverage the tool to enhance the learning journey but could be useful for people u‚Ä¶https://t.co/ia7lRzuDIL"
287,Aswin Sarang - CEO of Reliable Robotics Talks ChatGPT Applications on Du... https://t.co/GHwJdiZ1K1 via @YouTube
288,"@BandiShreyas @SarangSood @Mitesh_Engr @GWR Sire.. Notice was indeed sent thanks to ChatGPT.
It is ur mistake to have crushed it as a junk mail. 
Now, a defamation junk mail err. notice will follow"
289,"p.s. This text is written by ChatGPT üòÇ
#chatgptai #productivity #work #experience"
290,"While #ChatGPT isn't without flaws, I have found that any mistakes can be corrected with supervision. Together, ChatGPT and I form a more perfect union üòé

The story I want to share is about how the integration of #AI overnight can give programmers a 100x boost in efficiency."
291,"It's important to note that using #ChatGPT isn't about letting it do all the work. Rather, it's about leveraging its abilities to increase productivity and output by tenfold."
292,"Collaborating with #ChatGPT to code scripts has made the process ten times faster. Its capabilities include:
- rewriting code with the correct style and idiomatic constructs
- simplifying code
- tracking down bugs
- suggesting libraries to use."
293,2 words about my experience with #ChatGPT: incredible efficiency. https://t.co/JLLXx34oXq
294,ChatGPT has made google an ancient site!
295,@aidfulAI @mreflow @perplexity_ai @YouSearchEngine I am happy with ChatGPT Plus instead.
296,"Fake ChatGPT cryptocurrencies flood Binance Smart Chain and Ethereum networks
In recent weeks, dozens of tokens have been issued using the name of the artificial intelligence tool."
297,@cz_binance I hope ChatGPT doesn't get updated with the FUD of the last 3 months and gets confused üòÖüòÖüòÖ
298,"Berners-Lee Envisions AI Aide For All, Slams Cryptocurrencies 

.@OpenAI
.@Microsoft
.@elonmusk
.@MrWarrenBuffet
.@timberners_lee

#openai #chatgpt #chatbot #artificialintelligence #ai
https://t.co/l6JgThraEG"
299,The Kindle Store has a prolific new author: ChatGPT https://t.co/TgGTuCTorM https://t.co/1reU25SlXz
300,How long before we start seeing motherfuckers add ‚ÄòMastery of ChatGPT‚Äô to their resume and LinkedIn profile?
301,‚ÄúIt is unrealistic for us to think that we can effectively nurture our students and prepare them to be ready for the future of work if we ourselves are unable to lead by example and adapt well to such technological changes. ‚Äú #ChatGPT  https://t.co/DB0U5aDa52
302,"Meanwhile, in Singapore... embracing #AI and #ChatGPT in education. The Ministry of Education is leading the effective use of technology. #proudformersingaporean  https://t.co/UtW9PXpDqj"
303,"üö® Scam ChatGPT Tokens Hit the #Crypto Market ‚Äî What You Need To Know
#Bitcoin"
304,Will google go the yahoo way!  #ChatGPT #openai #aiwar
305,So many machine learning models encapsulated in one diagram #ai #chatgpt #machinelearning https://t.co/fa2qLU0XfQ
306,"https://t.co/yDZkqnsFgX

#CryptoGPT #ChatGPT #LIVRMA
#AI #Airdrops #PiNetwork #CoreDao_Org #RealMadrid #Bitcoin #Ethereum
eye on this project"
307,"üö®  Beware of Bing AI chat and ChatGPT pump-and-dump tokens ‚Äî Watch The Market Report live  
#Bitcoin  #Ethereum https://t.co/YNW5EnIHb7"
308,"write detailed, also search about writing tips from chatgpt

method: research-more"
309,"Class of ‚Äò24 is lucky, we got to experience the easy to cheat online exams of COVID, and the early era of ChatGPT. We‚Äôre literally getting a free degree"
310,"Limited data sets a hurdle as China plays catch-up to ChatGPT
https://t.co/FtrYejJJim https://t.co/YoaP9cyS0p"
311,"Following the launch yesterday, MOSS went viral on China's social media networks and saw state media refer to it as the first Chinese rival to ChatGPT. The instant popularity proved too much for MOSS to handle, though, and its serv‚Ä¶https://t.co/UEiZj0qIOi https://t.co/HEMA2T6bxm"
312,@ammaar Any reason why you used ChatGPT AND Bing Chat and not only one of them? That's interesting
313,"Privacy Search Engine https://t.co/WiwgshtjO9 Enters AI Chatbot Race with YouChat 2.0 

.@YouSearchEngine .@Google .@Bing 

#AIchatbotsearch #ChatGPT #AI #artificialintelligence #machinelearning
https://t.co/K1ywuNeGKu"
314,"üö® AI-powered #Crypto search engine Kaito raises $5.3M to improve browsing with AI, ChatGPT
#Bitcoin"
315,"#ChatGPT has investors rushing to find the next big thing in generative AI, the #technology that some hail as the beginning of a new era in big tech. @OpenAI 
https://t.co/mCUkQOKWsP"
316,"üö® PeckShield Discovers Pump And Dump Tokens Linked To ChatGPT
#Bitcoin  #Ethereum https://t.co/XD8UBPVAfz"
317,"üö® Hundreds of Fake ChatGPT Tokens Are Luring #Crypto Punters, Majority Issued on #BNB Chain
#Bitcoin"
318,"#cryptocurrency scam: ""BingChatGPT"" tokens claiming to be related to AI-powered chatbot #ChatGPT are part of a honeypot scheme. Beware of #pumpanddump schemes and always do your research before investing in #crypto! Shoutout to @PeckShield and @chainalysis for raising awareness."
319,Still wondering why Apple waits so long to introduce its next big thing? https://t.co/kmaL4ZR7dt https://t.co/eWat0Ntqz0
320,Chinese Company Gearing Up to Release Powerful ChatGPT Competitor https://t.co/5luFAcOTPD
321,"Microsoft is betting big on ChatGPT.

They‚Äôve reduced Xbox staff strength and completely dissolved their Metaverse department.

Artificial Intelligence is the future üöÄ"
322,"5. What are your views about #ElonMusk ? What really triggers him to pass such comments.? 
Let us know . 

#ChatGPT #MicrosoftTeams"
323,"4. On Friday, he went so far as to officially renounce OpenAI, the parent company of ChatGPT that he co-founded in2015, by accusing it of being ruled by Microsoft. #ElonMuskCrypto #ChatGPT #chatGPTÊ≥®ÂÜå"
324,"1. Musk is wary about AI,but it's obvious that he likes Microsoft's Bing,which is powered by ChatGPT. 
The eccentric comedian and forward-thinking businessman welcomed the uproar over the company's new ChatGPT-enabled search engine in response to Bing's interaction with the press"
325,"Elon¬†Musk's¬†remarks¬†go¬†against¬†
what¬†he¬†had¬†previously¬†said¬†concenning¬†AI¬†dangers!¬†

Read thread üßµüëá

@elonmusk #ElonMusk
#ElonMuskNews #AI #ChatGPT #Microsoft"
326,"Do you think AI can kill your job?

Since the virality of #ChatGPT, the internet is divided on #AI and its impact on jobs. Tell us what you think AI can do for your job.

Any feedback is welcomed. Are you for or against AI?

#GlobalSurf #AI #ChatGPT #Chatbots #job #OnlineSolution"
327,@whoisvaibhav Before visiting client ask chatGPT to give 10 use cases for AI and bigdata for your client domain or even mention client name
328,"Hundreds of Fake ChatGPT Tokens are Luring Crypto Punters, Majority Issued on BNB¬†Chain https://t.co/wLvFLTPw8D"
329,What Are the Dangers of AI Tools Like ChatGPT? https://t.co/ZOEIUEBOti https://t.co/A26ViGpMks
330,@safercapetown @MasonwabeWeber I also asked for a ANC report from #ChatGPT and got a  worryingly not critical portrayal of the cabal of the corrupt.
331,"Wrong day to subscribe to #ChatGPT plus. Been locked out of my account since morning, even though the whole idea behind the subscription was to be able to access ChatGPT, even while at peak capacity."
332,Loving ChatGPT
333,#ChatGPT 4 is coming out in 2 weeks and apparently it is 100x more powerful
334,"@OpenAI ChatGPT Plus at capacity now, why did you ask us to pay!!"
335,"ChatGPT gives me the same feeling as Google Maps, can't remember how we used to navigate before it.

Every so often we benefit from figuring the road out without the help of Google Maps directing us"
336,you too? #ChatGPT https://t.co/wjrgi5qUuu
337,A bit disappointed with #ChatGPT giving me inaccurate info and links to sites that do not exist!
338,"Agreed. 5 Reasons I‚Äôm worried about a future with Artificial Intelligences like ChatGPT, GPT-3.5 https://t.co/nDZQhI3fA2 #ChatGPT #AI #API #GPT3"
339,"ChatGPT is great but remember  Words, not facts https://t.co/bKnty2OE6y"
340,"üí•ü§ñHow Will #ChatGPT &amp; #AI Change the Game for Content Creators‚ùì

‚û°Ô∏èhttps://t.co/KZqGNpR3Xi

#ChatBot #tech #innovation #technology #web3 #metaverse #blockchain #marketing #IoT #Analytics #MWC23 #flutter #bigdata #DataScientists #Robotics #smartcities #digital #MachineLearning https://t.co/HHWl90kxhn"
341,"üö® ChatGPT Predicts #Ethereum between $5,000 to $20,000 By 2030
#Bitcoin"
342,"I asked ChatGPT how I can fight the cringe of self-promotion and it stopped working. 

The cringing continues."
343,"After @elonmusk‚Äôs joking tweet, a @Twitter page for ‚ÄòTruthGPT‚Äô was launched as an alternative to #ChatGPT üî•

@TruthGPTToken aims to spread the honest truth of whatever it may be asked üó£Ô∏è

#AI #GPT3 #cryptocurrency 
https://t.co/S3I6FMPAAj"
344,Imagine they integrated chatgpt on iPhones instead of siri #apple #siri #iphone
345,"Amazon launches 16% stronger AI than ChatGPT 3.5

https://t.co/qUAlqRMPCY

#Amazon #ChatGPT #AI https://t.co/eYba3ccWG9"
346,Just used ChatGPT to create an Excel Formula that was too complex. This is gold.
347,"@KanekoaTheGreat @DavidSacks @amuse Like anything, the product is determined of the quality of content that is put into. And with ChatGPT I reckon is going to be super dangerous to follow blindly whatever it's said."
348,"Will ChatGPT start writing killer malware?: AI-pocalypse soon? As stunning as ChatGPT‚Äôs output can be, should we also expect the chatbot to spit out sophisticated malware? 

The post Will ChatGPT start writing killer malware? appeared first on‚Ä¶ https://t.co/Ei4fxQKmAF https://t.co/U2XoEex5tw"
349,"Across the Middle East region, university professors and administrators are starting to reassess education in response to ChatGPT, prompting a potentially massive shift in teaching and learning. 
https://t.co/4hxgI57k6m"
350,"#ChatGPT is outstanding.

People who leverage Al will win.

But it's a matter of how well you use it.

That's why I made this free document for you

- 100+ ChatGPT prompts
- 50+ Al tools
- 35+ Low/No code

To get it,
‚Ä¢ Like
‚Ä¢ Reply ""GPT""
‚Ä¢ Follow me (so that I can DM)"
351,"ChatGPT is bringing advancements and challenges for cybersecurity: Understanding why ChatGPT is garnering so much attention takes a bit of background. Up until recently, AI models have been quite ‚Äúdumb‚Äù: they could only respond to specific tasks when‚Ä¶ https://t.co/zL65WjW6AO https://t.co/JtzFH1Mx9Q"
352,@1SharadMathur How do you write it in chatgpt
353,The potential of #AI in #healthcare is immense and exciting. Embracing this technology will lead to improved patient outcomes and a more efficient healthcare system. We're on the cusp of a fundamental change! https://t.co/qgih3zJHnD
354,"As a large language model, #ChatGPT can contribute to smart learning in several ways:

1. Providing instant access to information: ChatGPT can quickly retrieve and provide relevant information on a wide range of topics, helping students and educators get‚Ä¶https://t.co/fzSkkqTv9i"
355,@brianoblinger Bros simply using ChatGPT to create more promptsü§£
356,Ready to boost your local SEO with the help of ChatGPT? Get started now and see your website rise to the top of local search results! https://t.co/YdT7D0YPJC
357,Wow I just used ChatGPT to create a brief outline of a social marketing campaign idea that came to my mind. I've been using it SO MUCH I love how helpful it is.
358,ChatGPT comments on DJ #Nimrod #uganda https://t.co/1vHPAOyfoL
359,"Create a Stunning Storybook with AI Illustrations for Free and Make Money by Selling it on Amazon‚Ä¶ https://t.co/meQLQMn2FZ 
#ChatGPT #makemoneyfromhome #midjourney #Amazon #AI #storytelling #ContentCreator"
360,"ChatGPT speaking Luganda.
#PresidentMuseveni #nimrod #Uganda https://t.co/Ln4u39KIwi"
361,"@worksalt @nowaysrx ChatGPT can make simple things that were solved many times, let‚Äôs say it can easily write a blur shader. But when I asked it for parallax occlusion mapping it gave me complete nonsense üòÖ"
362,"Metaverse Court Metes Out Real-Life Justice in Colombia 

.@Facebook .@Meta .@MetaHorizon
#metaverse #ai #chatgpt #horizonworlds
https://t.co/5xsYf9SsyG"
363,"üö® #ELON Musk-Inspired ChatGPT Alternative ‚ÄòTruthGPT‚Äô Launches
#Bitcoin"
364,"Overall, incorporating ChatGPT into your #marketing strategy can help you stay ahead of the competition and build stronger relationships with your customers."
365,"‚òïÔ∏èInsights: #ChatGPT can provide valuable insights into customer behavior, preferences, and trends, enabling you to make data-driven decisions."
366,"Discussing today with the MKUniverse team how to use ChatGPT as a valuable tool for our marketing strategy. Here is our technique
(save this threadüîó) 

üíúPersonalization:  analyze customer data and generate personalized content that resonates with your target audience."
367,@chrisnotion ChatGPT
368,"Okay Twitter got me with this dead engagement.

Today I‚Äôm dropping my first THREAD ever.
Very educational, with some ChatGPT and Captain Obvious vibes included. 

Everything you guys love"
369,"üö® Microsoft Putting Limits on ChatGPT-Powered Bing
#Bitcoin  #Ethereum"
370,"@AbdulRehman0292 @PTIofficial @ImranKhanPTI ChatGPT puts Shaukat Tarin on the top üòâ
https://t.co/x6AnWJxQcV"
371,"NEWS - Some UAE Students Now Using ChatGPT; Here's What Teachers, Experts Think Of This Viral AI Tech https://t.co/6wgGMSTLrn"
372,Apple‚Äôs ChatGPT competitor is a no-show at its timely AI summit https://t.co/mi3ZOdGyCX https://t.co/6ZSFUkclr3
373,"From today on, you can only use the chat feature a total of 50 times per day, and each individual session can only use 5 turns. 

#Microsoft #Bing #ChatGPT #ai 

https://t.co/tJ8AyTyN3D"
374,"Some UAE Students Now Using ChatGPT; Here's What Teachers, Experts Think Of This Viral AI Tech https://t.co/OLVFsPHVXJ"
375,"üö® Fact Check: Has ChatGPT Released Its Native #Cryptocurrency Token?
#Bitcoin"
376,"Google plans to launch Bard, one of its ChatGPT competitors, to stay competitive. Bard will be a free alternative for people who wish to try out the technology, despite not being as advanced as some other ChatGPTs available on the market.
#appikrlabs #ChatGPT #BARD https://t.co/fKP1geNZvx"
377,@EasyNFT_ @EasyNFT_ to chatGPT be like ü§£ https://t.co/RUmRg7GD2L
378,"@adrisudiro Trying to highlight that one small mistake ChatGPT made can ‚Äòhurt‚Äô. Due diligence is required whenever we use any technology, including AI. Can‚Äôt wait for the new release‚Ä¶"
379,"Root Canal Treatment: What Do You Need To Know
https://t.co/t1AomRvTI2 
#ChatGPT #LUMS #arrest #Twitter #TweetOfTheDay #healthcare #Health #dental #Medical #MedTwitter #Medicare"
380,"Root Canal Therapy in Dubai: Everything You Need to Know https://t.co/1Urc9QeT8Y 
#ChatGPT #LUMS #dental #Medicare #Medical #healthcare #Health"
381,"How Root Canal Treatment Affect Your Health in Dubai
https://t.co/NqHx5a81tX
#TweetOfTheDay #Twitter #LUMS #ChatGPT #arrest"
382,These beginner-friendly ChatGPT courses are just $20 for Presidents‚Äô Day https://t.co/Ma0vU3ORVu https://t.co/2MIW4iqvog
383,@J_Sliice Stop being obsessed with chatgpt
384,"Big Tech Quit Metaverse in Chase of AI Chatbot Hype 

.@Meta .@Microsoft .@TencentGames .@OpenAI

#ChatGPT #metaverse #AI
https://t.co/l93IssPBfd"
385,", cybersecurity, smart cities, IoT services and professional and managed services, as well as Moro services supported by ChatGPT technology.

#MoroHub #TrustMoroHub #GreenDataCentre #ChatGPT"
386,"Clearly, ChatGPT needs a lot of work. https://t.co/jWtwT1poC3"
387,"First review in! A generous 4* considering they'd discovered that prompts can't be easily copy/pasted thanks to Amazon's restrictions. To remedy this, the book now gives you access to a spreadsheet containing every prompt I use (+ more), ready for copying! https://t.co/mPvE60JYaq https://t.co/exxRVURCPr"
388,"Businesses can automate their customer service using #ChatGPT  by implementing a chatbot that utilizes the language model. Here are a few steps on how to do that
https://t.co/Z6MqHnCgvl

#automate #chatbot #customerservice #CustomerSupport #technologies #AI https://t.co/MlrMbHQ6mO"
389,Asked chatGPT to prove something followed by ‚Äúplease write it for a dumb bitch brain‚Äù üò≠üò≠üò≠
390,ChatGPT is next level amazing üôåüèªüôåüèªüôåüèªüôåüèª
391,"Root Canal Treatment: A Comprehensive Guide to Understanding and Overcoming Dental Pain https://t.co/zSPs5gdEoS 
#ChatGPT #Dubai #UAE #dental #Medical #healthcare"
392,"Here are the properties of #NFT token: üëá
Have a look and let us know if it is helpful!

Visit us to learn more: https://t.co/iiRXPAZZeP
.
.
.
#egortechnologies #Blockchain #webdevelopment #Bitcoin #technology #ChatGPT #bitcoin #ai #metaverse https://t.co/FshqYeJdOG"
393,"ChatGPT, the latest AI-based chatbot that has taken the education sector by storm.
https://t.co/ffmxpvxidy"
394,Who should avoid using ChatGPT and similar AI platforms?
395,"futureÔºüÔºü
https://t.co/kyCEtJ9xQ4"
396,"@IsaacLatterell @elonmusk Now I know Chatgpt is the evil 666,"
397,Trust ChatGPT's advanced AI technology to help you optimize your SEO content for maximum visibility and engagement. Start using ChatGPT today! https://t.co/vHEdiR45Bx
398,@elonmusk ChatGPT trained to be an a** üòÇ
399,"Reading George Orwell's 1984 again, there is a machine called a ‚Äúversificator.‚Äù With the development of versificator, it‚Äôs no longer necessary for them to live at different social or economic levels, it is responsible for the downfall of a hierarchical society.. right, ChatGPT?"
400,@elonmusk I think the people who escaped the matrix are the people chatgpt is listing them are controversial
401,OpenAI seems everywhere. #OpenAI #ChatGPT
402,ChatGpt - What is the possibility of replacement of a teacher with the advent of AI based chatbot. ü§î
403,"If I told you that these things #AI , #ChatGPT are such being overhyped, would you believe it? https://t.co/z0ptjUIHIQ"
404,"2023 is the year of Artificial Intelligence. Worryingly, I‚Äôm old enough to remember 2013 also being the year of Artificial Intelligence. 
Learn more:
https://t.co/YeIFtfC4uD

#AI #chatgpt #Crypto #nftart"
405,Proving #ChatGPT cannot be trusted‚Ä¶ I‚Äôve never been to or have any collaboration with UKM!! Although some of the other information are correct. Is this an ethical communication of information? #bcm113 https://t.co/3xSjN5QEWL
406,ChatGPT is ‚Äúkilling‚Äù Google‚Äôs¬†dominance https://t.co/uxjVSOwSuT
407,"7 AI tools for every freelancer and businessman: 

1. Simplified - Free online editor

2. ChatGPT - Researching and ideas

3. Durable - Website generator

4. Wisdom AI - Decision making

5. TweetMonk - Twitter 

6. Wallet AI - Finance research

7. StockimgAI - Designing"
408,"""Instead, I worry that the technology will learn how to influence human users, sometimes persuading them to act in destructive and harmful ways, and perhaps eventually grow capable of carrying out its own dangerous acts.""https://t.co/Chb8bWzaFh"
409,"ChatGPT, one of the most sophisticated autoregressive language models, creating ripples in the crypto world.
Without doubt, it is an asset for beginners as it can help you learn all the concepts like you‚Äôre learning from a teacher.

#cryptocurrency #CryptoInvestor #NFTs https://t.co/5pmkEyRd9d"
410,@elonmusk ChatGPT is very helpful for me.
411,"ü§ñ The AI Arms Race is on!

Time Magazine puts the spotlight on the AI Arms Race, featuring ChatGPT on its cover. 

The article highlights the potential dangers of AI and the need to prioritize safety over profits in its development https://t.co/slzp8UBoSk https://t.co/UYtzGq2H63"
412,ChatGPT at least has more common sense than half the people here. https://t.co/CgWLf0bWzo
413,"@MKBHD ChatGPT asking me to verify ‚ÄúI‚Äôm not a robot‚Äù!

I replied: you firstüòÖ
#ChatGPT"
414,"ChatGPT asking me to verify ‚ÄúI‚Äôm not a robot‚Äù!

I replied: you firstüòÖ
#ChatGPT #OpenAIChatGPT"
415,Lunch date with my favorite salad &amp; some chatgpt https://t.co/Guj6uFBqA6
416,"AI will not replace you, a person using AI will. ü§ñ

#ai #ChatGPT #MachineLearning #FutureAI #Technology #upgrade #business #entrepreneurs @ciconestop @OpenAI @chatgpt_issac @bing @Microsoft @elonmusk"
417,"While countries are banning ChatGPT in schools and universities, 

The UAE üá¶üá™ decided to rather open their educational borders to ChatGPT and allow students to use it.

Don‚Äôt fight what‚Äôs inevitable, learn how to use it and innovate your system."
418,@elonmusk @elonmusk help us to use twitter like @WhatsApp and use @chatgpt within this
419,"""What it can do is bullsh*t with confidence.""

&gt;&gt;&gt;

I Paid a Professional to Edit a ChatGPT-Written Article. Hilarity Ensued by Zulie Rane  https://t.co/EDkQnMahaK"
420,"AI getting creepy. Put this into a robot body and you would have a legit stalker who might even commit physical harassment!
https://t.co/QgEs8MkVrd"
